Brand_Model,Year,Type,Engine_CC,Mileage_km,Condition,Price 
Yamaha NMAX,2015,Automatic,155,47571,Good,1861
Suzuki Raider,2018,manual,150,45287,Good,2246
Honda Wave125,2022,semi-automatic,125,29854,Good,2906
Suzuki Smash,2023,semi-automatic,110,23766,Excellent,3193
Yamaha Mio,2016,Automatic,115,48196,Good,1939
Kawasaki Ninja250,2019,manual,250,42803,Excellent,2582
Honda Wave100,2018,semi-automatic,100,37031,Fair,2212
Honda PCX,2024,Automatic,160,23368,Excellent,3360
Suzuki Smash,2023,semi-automatic,110,20917,Excellent,3230
Kawasaki Z250,2022,manual,250,23130,Excellent,3198
Honda Click,2015,Automatic,125,50000,Good,1804
Kawasaki Ninja250,2024,manual,250,26707,Excellent,3391
Honda Wave100,2012,semi-automatic,100,50000,Old,1423
Yamaha Mio,2024,Automatic,115,24133,Good,3212
Kawasaki Z300,2023,manual,300,27109,Good,3208
Yamaha Mio,2016,Automatic,115,50000,Good,1916
Kawasaki Ninja250,2024,manual,250,21158,Excellent,3464
Honda Wave125,2020,semi-automatic,125,30537,Excellent,2757
Honda Wave100,2010,semi-automatic,100,50000,Old,1183
Honda Wave100,2018,semi-automatic,100,41404,Good,2255
Kawasaki Ninja250,2010,manual,250,50000,Fair,1208
Yamaha R15,2021,manual,155,29949,Good,2810
Honda Wave100,2010,semi-automatic,100,50000,Old,1183
Kawasaki Ninja250,2011,manual,250,50000,Old,1428
Honda Scoopy,2021,Automatic,110,34878,Excellent,2808
Honda PCX,2011,Automatic,160,50000,Old,1353
Honda Scoopy,2025,Automatic,110,16328,Excellent,3530
Suzuki Smash,2020,semi-automatic,110,38873,Good,2536
Kawasaki Ninja250,2025,manual,250,18045,Excellent,3624
Yamaha NMAX,2019,Automatic,155,37820,Excellent,2568
Suzuki Bergman,2020,Automatic,125,34405,Excellent,2707
Honda Scoopy,2019,Automatic,110,35226,Excellent,2564
Suzuki Bergman,2010,Automatic,125,50000,Old,1204
Yamaha Mio,2024,Automatic,115,21655,Excellent,3345
Suzuki Raider,2020,manual,150,39654,Good,2560
Suzuki Raider,2025,manual,150,12265,Excellent,3616
Suzuki Bergman,2010,Automatic,125,50000,Old,1204
Honda Wave100,2022,semi-automatic,100,31931,Excellent,2958
Kawasaki Z250,2016,manual,250,46321,Good,2076
Honda Wave125,2016,semi-automatic,125,50000,Good,1924
Suzuki Smash,2013,semi-automatic,110,50000,Old,1552
Honda Wave125,2019,semi-automatic,125,41597,Good,2393
Honda Click,2010,Automatic,125,50000,Fair,1104
Yamaha NMAX,2014,Automatic,155,50000,Fair,1609
Honda Wave110i,2016,semi-automatic,110,43815,Good,1992
Yamaha NMAX,2013,Automatic,155,50000,Old,1589
Honda Scoopy,2016,Automatic,110,48348,Good,1933
Yamaha NMAX,2015,Automatic,155,50000,Fair,1729
Suzuki Smash,2010,semi-automatic,110,50000,Old,1192
Yamaha Fino,2020,Automatic,125,38340,Good,2556
Suzuki Raider,2022,manual,150,31118,Good,2911
Yamaha Mio,2025,Automatic,115,13835,Excellent,3566
Honda Wave100,2019,semi-automatic,100,36866,Excellent,2534
Kawasaki Z300,2011,manual,300,50000,Fair,1370
Honda Wave125,2021,semi-automatic,125,31473,Excellent,2865
Yamaha R15,2023,manual,155,19025,Excellent,3292
Yamaha Mio,2020,Automatic,115,35558,Excellent,2684
Suzuki Bergman,2015,Automatic,125,48351,Fair,1726
Yamaha Fino,2022,Automatic,125,30920,Good,2892
Honda Click,2017,Automatic,125,47696,Good,2074
Honda Click,2016,Automatic,125,50000,Fair,1824
Suzuki Raider,2021,manual,150,34437,Excellent,2847
Kawasaki Z250,2016,manual,250,47399,Good,2062
Yamaha Mio,2015,Automatic,115,50000,Good,1796
Yamaha Mio,2020,Automatic,115,33930,Excellent,2705
Kawasaki Z250,2012,manual,250,50000,Fair,1448
Yamaha Fino,2023,Automatic,125,29366,Excellent,3133
Honda Scoopy,2019,Automatic,110,36945,Good,2441
Suzuki Smash,2017,semi-automatic,110,40416,Good,2156
Honda Wave125,2023,semi-automatic,125,24134,Good,3101
Honda PCX,2010,Automatic,160,50000,Old,1233
Kawasaki Z300,2024,manual,300,17273,Good,3456
Yamaha R15,2021,manual,155,31055,Excellent,2896
Kawasaki Ninja250,2017,manual,250,41059,Fair,2165
Honda Wave125,2022,semi-automatic,125,30237,Good,2901
Suzuki Bergman,2022,Automatic,125,27708,Good,2934
Yamaha R15,2014,manual,155,50000,Old,1709
Honda Scoopy,2018,Automatic,110,38722,Fair,2198
Honda PCX,2018,Automatic,160,42773,Good,2287
Honda Wave125,2019,semi-automatic,125,40537,Excellent,2507
Kawasaki Z250,2022,manual,250,33283,Good,2966
Suzuki Smash,2014,semi-automatic,110,50000,Old,1672
Suzuki Bergman,2016,Automatic,125,44928,Fair,1890
Honda PCX,2016,Automatic,160,50000,Good,1953
Yamaha R15,2024,manual,155,22557,Good,3266
Yamaha Fino,2025,Automatic,125,19903,Excellent,3496
Honda Scoopy,2013,Automatic,110,50000,Old,1552
Kawasaki Ninja250,2019,manual,250,36248,Excellent,2667
Honda Wave110i,2023,semi-automatic,110,27714,Good,3042
Honda Scoopy,2025,Automatic,110,21487,Excellent,3463
Honda Wave125,2011,semi-automatic,125,50000,Fair,1224
Kawasaki Z300,2013,manual,300,50000,Fair,1610
Yamaha NMAX,2016,Automatic,155,50000,Good,1949
Suzuki Smash,2014,semi-automatic,110,50000,Old,1672
Honda PCX,2019,Automatic,160,43277,Good,2401
Honda Wave125,2016,semi-automatic,125,46459,Good,1970
Yamaha Mio,2022,Automatic,115,24874,Excellent,3063
Yamaha Mio,2018,Automatic,115,44189,Fair,2131
Honda Wave110i,2013,semi-automatic,110,50000,Old,1552
Honda Wave125,2018,semi-automatic,125,37677,Good,2324
Honda Wave125,2012,semi-automatic,125,50000,Fair,1344
Yamaha R15,2011,manual,155,50000,Fair,1249
Honda Scoopy,2012,Automatic,110,50000,Fair,1332
Suzuki Bergman,2016,Automatic,125,43088,Fair,1914
Yamaha NMAX,2013,Automatic,155,50000,Fair,1489
Kawasaki Z250,2010,manual,250,50000,Fair,1208
Suzuki Bergman,2010,Automatic,125,50000,Old,1204
Yamaha Fino,2022,Automatic,125,29978,Excellent,3005
Yamaha NMAX,2025,Automatic,155,17158,Excellent,3556
Honda Wave125,2011,semi-automatic,125,50000,Old,1324
Suzuki Bergman,2012,Automatic,125,50000,Old,1444
Honda Wave110i,2024,semi-automatic,110,24368,Excellent,3305
Yamaha Fino,2011,Automatic,125,50000,Fair,1224
Suzuki Bergman,2023,Automatic,125,24006,Excellent,3202
Suzuki Raider,2015,manual,150,50000,Good,1825
Honda Click,2019,Automatic,125,39324,Excellent,2523
Honda PCX,2013,Automatic,160,50000,Old,1593
Honda Wave110i,2013,semi-automatic,110,50000,Fair,1452
Kawasaki Z250,2010,manual,250,50000,Fair,1208
Honda PCX,2012,Automatic,160,50000,Old,1473
Suzuki Bergman,2011,Automatic,125,50000,Old,1324
Honda Wave110i,2018,semi-automatic,110,44020,Good,2229
Suzuki Raider,2020,manual,150,36853,Good,2596
Yamaha Mio,2017,Automatic,115,45153,Good,2099
Kawasaki Z250,2010,manual,250,50000,Old,1308
Yamaha NMAX,2022,Automatic,155,28782,Excellent,3045
Honda Wave110i,2025,semi-automatic,110,12450,Excellent,3580
Yamaha NMAX,2017,Automatic,155,48679,Fair,1986
Yamaha Mio,2017,Automatic,115,46395,Fair,1983
Honda Wave100,2019,semi-automatic,100,40116,Excellent,2492
Honda Scoopy,2019,Automatic,110,39284,Good,2411
Honda Wave110i,2011,semi-automatic,110,50000,Fair,1212
Honda PCX,2013,Automatic,160,50000,Fair,1493
Suzuki Smash,2025,semi-automatic,110,18210,Excellent,3505
Yamaha Mio,2012,Automatic,115,50000,Old,1436
Honda Wave125,2017,semi-automatic,125,43147,Fair,2033
Honda PCX,2019,Automatic,160,39734,Excellent,2547
Yamaha Mio,2016,Automatic,115,43369,Good,2002
Yamaha Fino,2024,Automatic,125,19169,Excellent,3385
Honda PCX,2015,Automatic,160,50000,Good,1833
Honda Wave110i,2015,semi-automatic,110,50000,Fair,1692
Kawasaki Ninja250,2013,manual,250,50000,Fair,1568
Honda Scoopy,2019,Automatic,110,35818,Good,2456
Suzuki Raider,2015,manual,150,50000,Fair,1725
Honda Scoopy,2017,Automatic,110,50000,Fair,1932
Kawasaki Ninja250,2018,manual,250,46240,Good,2317
Yamaha Fino,2010,Automatic,125,50000,Fair,1104
Suzuki Bergman,2023,Automatic,125,21307,Good,3137
Yamaha Fino,2010,Automatic,125,50000,Fair,1104
Honda Wave125,2025,semi-automatic,125,12199,Excellent,3596
Honda Scoopy,2024,Automatic,110,25268,Excellent,3293
Kawasaki Ninja250,2024,manual,250,18376,Excellent,3500
Yamaha NMAX,2024,Automatic,155,26011,Excellent,3321
Suzuki Raider,2022,manual,150,25523,Good,2983
Honda Wave100,2025,semi-automatic,100,16711,Excellent,3516
Yamaha Mio,2010,Automatic,115,50000,Fair,1096
Yamaha R15,2022,manual,155,23515,Excellent,3114
Honda Wave125,2014,semi-automatic,125,50000,Old,1684
Suzuki Raider,2021,manual,150,31560,Excellent,2885
Honda PCX,2020,Automatic,160,38406,Excellent,2684
Honda Scoopy,2016,Automatic,110,50000,Good,1912
Yamaha Mio,2018,Automatic,115,43971,Good,2234
Yamaha R15,2016,manual,155,47910,Fair,1876
Yamaha NMAX,2018,Automatic,155,40876,Fair,2208
Suzuki Bergman,2025,Automatic,125,16515,Excellent,3540
Yamaha Mio,2022,Automatic,115,31768,Excellent,2973
Kawasaki Z300,2011,manual,300,50000,Old,1470
Honda Scoopy,2018,Automatic,110,38003,Fair,2208
Kawasaki Ninja250,2017,manual,250,43511,Fair,2133
Yamaha Mio,2011,Automatic,115,50000,Old,1316
Yamaha Mio,2010,Automatic,115,50000,Old,1196
Kawasaki Z300,2025,manual,300,12580,Excellent,3737
Yamaha Mio,2020,Automatic,115,38258,Excellent,2649
Suzuki Smash,2011,semi-automatic,110,50000,Old,1312
Kawasaki Z300,2025,manual,300,19861,Excellent,3642
Honda Wave110i,2024,semi-automatic,110,20542,Good,3255
Honda Wave125,2024,semi-automatic,125,23604,Excellent,3328
Honda Click,2010,Automatic,125,50000,Old,1204
Kawasaki Z300,2011,manual,300,50000,Fair,1370
Honda Wave100,2022,semi-automatic,100,28012,Excellent,3009
Yamaha R15,2012,manual,155,50000,Old,1469
Honda Wave100,2023,semi-automatic,100,20327,Excellent,3229
Suzuki Smash,2013,semi-automatic,110,50000,Old,1552
Honda Scoopy,2020,Automatic,110,37355,Excellent,2656
Yamaha R15,2017,manual,155,45447,Fair,2028
Yamaha NMAX,2014,Automatic,155,50000,Old,1709
Kawasaki Z250,2021,manual,250,27494,Good,2921
Yamaha NMAX,2021,Automatic,155,30072,Excellent,2908
Suzuki Smash,2018,semi-automatic,110,38865,Good,2297
Suzuki Smash,2019,semi-automatic,110,36118,Excellent,2552
Honda Wave125,2016,semi-automatic,125,50000,Fair,1824
Honda PCX,2011,Automatic,160,50000,Fair,1253
Yamaha Mio,2025,Automatic,115,18786,Excellent,3502
Honda Scoopy,2023,Automatic,110,22841,Good,3105
Honda PCX,2023,Automatic,160,30016,Excellent,3153
Yamaha Fino,2022,Automatic,125,23051,Excellent,3095
Suzuki Bergman,2025,Automatic,125,15611,Excellent,3552
Kawasaki Z250,2019,manual,250,33916,Excellent,2698
Yamaha NMAX,2017,Automatic,155,43567,Fair,2053
Kawasaki Z300,2023,manual,300,30042,Excellent,3270
Kawasaki Z300,2022,manual,300,26395,Excellent,3197
Honda Wave100,2022,semi-automatic,100,32902,Good,2846
Kawasaki Z300,2020,manual,300,34940,Good,2746
Yamaha Mio,2025,Automatic,115,19896,Excellent,3487
Honda PCX,2019,Automatic,160,37989,Good,2470
Kawasaki Z250,2011,manual,250,50000,Old,1428
Honda Wave125,2011,semi-automatic,125,50000,Fair,1224
Honda Click,2019,Automatic,125,44130,Excellent,2461
Honda Wave100,2017,semi-automatic,100,42662,Good,2119
Kawasaki Ninja250,2024,manual,250,24345,Excellent,3422
Yamaha Fino,2016,Automatic,125,46133,Fair,1874
Yamaha R15,2022,manual,155,30602,Excellent,3022
Yamaha R15,2018,manual,155,45468,Good,2248
Yamaha Mio,2017,Automatic,115,44892,Good,2102
Yamaha R15,2018,manual,155,44843,Good,2256
Honda PCX,2025,Automatic,160,14766,Excellent,3592
Kawasaki Z250,2016,manual,250,43951,Good,2107
Yamaha Fino,2023,Automatic,125,19656,Excellent,3259
Kawasaki Z300,2011,manual,300,50000,Old,1470
Honda Wave100,2010,semi-automatic,100,50000,Fair,1083
Yamaha R15,2020,manual,155,30530,Good,2682
Honda PCX,2019,Automatic,160,37969,Good,2470
Kawasaki Ninja250,2015,manual,250,50000,Good,1908
Honda Wave100,2025,semi-automatic,100,13928,Excellent,3553
Yamaha NMAX,2023,Automatic,155,27159,Excellent,3186
Yamaha Fino,2012,Automatic,125,50000,Fair,1344
Yamaha Fino,2014,Automatic,125,50000,Fair,1584
Yamaha Mio,2012,Automatic,115,50000,Old,1436
Suzuki Bergman,2021,Automatic,125,32062,Good,2758
Honda Wave125,2015,semi-automatic,125,48621,Good,1822
Yamaha Fino,2014,Automatic,125,50000,Old,1684
Suzuki Raider,2014,manual,150,50000,Fair,1605
Honda Wave110i,2015,semi-automatic,110,46734,Fair,1734
Honda Click,2012,Automatic,125,50000,Old,1444
Honda Wave110i,2022,semi-automatic,110,27913,Good,2919
Honda Wave110i,2015,semi-automatic,110,50000,Good,1792
Yamaha R15,2025,manual,155,19459,Excellent,3526
Kawasaki Ninja250,2023,manual,250,23685,Excellent,3311
Honda PCX,2011,Automatic,160,50000,Old,1353
Honda Wave100,2020,semi-automatic,100,36527,Excellent,2659
Honda Wave100,2010,semi-automatic,100,50000,Old,1183
Yamaha Fino,2024,Automatic,125,22009,Excellent,3348
Honda Wave125,2023,semi-automatic,125,19636,Good,3159
Honda PCX,2024,Automatic,160,22798,Excellent,3367
Honda PCX,2024,Automatic,160,22544,Excellent,3371
Yamaha NMAX,2023,Automatic,155,19513,Excellent,3286
Yamaha NMAX,2014,Automatic,155,50000,Fair,1609
Honda PCX,2019,Automatic,160,37489,Good,2476
Honda Wave110i,2016,semi-automatic,110,50000,Fair,1812
Honda Wave110i,2016,semi-automatic,110,43499,Fair,1896
Suzuki Smash,2017,semi-automatic,110,41653,Good,2140
Honda PCX,2022,Automatic,160,27927,Good,2960
Honda Wave110i,2017,semi-automatic,110,41758,Good,2139
Honda PCX,2021,Automatic,160,29458,Good,2821
Honda Wave125,2015,semi-automatic,125,50000,Fair,1704
Suzuki Smash,2016,semi-automatic,110,44734,Fair,1880
Honda PCX,2016,Automatic,160,50000,Good,1953
Kawasaki Z300,2024,manual,300,16240,Excellent,3569
Suzuki Smash,2015,semi-automatic,110,48602,Good,1810
Suzuki Smash,2022,semi-automatic,110,29051,Excellent,3004
Suzuki Bergman,2012,Automatic,125,50000,Fair,1344
Yamaha R15,2016,manual,155,45047,Good,2014
Honda Scoopy,2018,Automatic,110,39599,Good,2287
Yamaha R15,2021,manual,155,36601,Good,2723
Honda Click,2020,Automatic,125,40876,Excellent,2623
Kawasaki Z300,2016,manual,300,49972,Fair,1970
Kawasaki Z250,2020,manual,250,34364,Good,2712
Suzuki Bergman,2012,Automatic,125,50000,Old,1444
Honda Wave125,2023,semi-automatic,125,25849,Excellent,3178
Honda Wave110i,2024,semi-automatic,110,22090,Excellent,3335
Yamaha Fino,2021,Automatic,125,29037,Good,2797
Yamaha R15,2017,manual,155,39773,Good,2202
Honda Wave100,2010,semi-automatic,100,50000,Fair,1083
Kawasaki Z250,2011,manual,250,50000,Fair,1328
Suzuki Smash,2022,semi-automatic,110,27017,Excellent,3031
Suzuki Raider,2023,manual,150,24287,Good,3119
Suzuki Smash,2024,semi-automatic,110,20605,Excellent,3354
Suzuki Smash,2017,semi-automatic,110,48892,Fair,1946
Suzuki Smash,2017,semi-automatic,110,40279,Fair,2058
Suzuki Smash,2012,semi-automatic,110,50000,Fair,1332
Yamaha R15,2016,manual,155,46310,Good,1997
Honda Wave100,2014,semi-automatic,100,50000,Fair,1563
Kawasaki Z300,2014,manual,300,50000,Fair,1730
Yamaha Mio,2023,Automatic,115,24388,Good,3089
Yamaha R15,2012,manual,155,50000,Old,1469
Yamaha Mio,2025,Automatic,115,22753,Excellent,3450
Honda PCX,2020,Automatic,160,30932,Good,2681
Kawasaki Z300,2024,manual,300,21860,Excellent,3496
Kawasaki Z250,2011,manual,250,50000,Fair,1328
Yamaha NMAX,2022,Automatic,155,27681,Excellent,3060
Suzuki Raider,2022,manual,150,31691,Excellent,3003
Suzuki Bergman,2016,Automatic,125,46203,Good,1974
Honda Wave110i,2016,semi-automatic,110,50000,Fair,1812
Kawasaki Z300,2025,manual,300,15478,Excellent,3699
Honda Wave125,2018,semi-automatic,125,42540,Good,2261
Suzuki Raider,2013,manual,150,50000,Fair,1485
Kawasaki Z300,2018,manual,300,46197,Fair,2259
Suzuki Bergman,2019,Automatic,125,37766,Good,2443
Yamaha R15,2021,manual,155,28914,Excellent,2923
Honda Wave125,2010,semi-automatic,125,50000,Old,1204
Honda Wave100,2018,semi-automatic,100,40364,Fair,2169
Yamaha NMAX,2012,Automatic,155,50000,Fair,1369
Kawasaki Z250,2018,manual,250,36118,Fair,2349
Yamaha R15,2020,manual,155,39753,Good,2562
Yamaha NMAX,2016,Automatic,155,49513,Good,1956
Suzuki Raider,2014,manual,150,50000,Fair,1605
Yamaha NMAX,2022,Automatic,155,25626,Excellent,3086
Yamaha NMAX,2021,Automatic,155,32148,Good,2781
Suzuki Raider,2015,manual,150,50000,Good,1825
Honda Wave125,2022,semi-automatic,125,23302,Good,2991
Yamaha Mio,2018,Automatic,115,43991,Good,2234
Honda Wave110i,2012,semi-automatic,110,50000,Old,1432
Yamaha Mio,2023,Automatic,115,19926,Good,3147
Kawasaki Z250,2015,manual,250,49874,Fair,1810
Honda Wave110i,2023,semi-automatic,110,21426,Excellent,3223
Honda PCX,2013,Automatic,160,50000,Fair,1493
Honda PCX,2012,Automatic,160,50000,Old,1473
Honda Wave125,2019,semi-automatic,125,41223,Good,2398
Kawasaki Z250,2018,manual,250,47265,Good,2304
Suzuki Raider,2012,manual,150,50000,Fair,1365
Suzuki Bergman,2015,Automatic,125,50000,Fair,1704
Yamaha Fino,2023,Automatic,125,19792,Excellent,3257
Yamaha Fino,2019,Automatic,125,39875,Excellent,2516
Kawasaki Z250,2022,manual,250,32992,Excellent,3070
Kawasaki Z300,2023,manual,300,30201,Excellent,3268
Yamaha Fino,2017,Automatic,125,42262,Good,2145
Honda PCX,2023,Automatic,160,21337,Excellent,3266
Yamaha NMAX,2020,Automatic,155,29448,Excellent,2797
Honda Wave110i,2019,semi-automatic,110,34195,Excellent,2577
Yamaha Mio,2016,Automatic,115,49658,Fair,1820
Suzuki Bergman,2020,Automatic,125,35561,Excellent,2692
Suzuki Raider,2019,manual,150,36951,Excellent,2575
Suzuki Raider,2014,manual,150,50000,Old,1705
Honda Wave110i,2023,semi-automatic,110,28457,Excellent,3132
Suzuki Raider,2017,manual,150,45020,Good,2130
Kawasaki Z250,2012,manual,250,50000,Old,1548
Yamaha R15,2010,manual,155,50000,Old,1229
Kawasaki Z300,2014,manual,300,50000,Fair,1730
Kawasaki Z300,2014,manual,300,50000,Fair,1730
Kawasaki Z250,2025,manual,250,22934,Excellent,3560
Kawasaki Z250,2020,manual,250,36617,Good,2682
Yamaha Fino,2015,Automatic,125,49991,Fair,1704
Honda PCX,2025,Automatic,160,18962,Excellent,3537
Honda Click,2015,Automatic,125,50000,Good,1804
Kawasaki Z250,2016,manual,250,50000,Fair,1928
Kawasaki Ninja250,2015,manual,250,49571,Fair,1814
Suzuki Raider,2017,manual,150,50000,Good,2065
Yamaha R15,2017,manual,155,50000,Good,2069
Honda Wave125,2016,semi-automatic,125,45168,Good,1987
Yamaha NMAX,2024,Automatic,155,16975,Excellent,3439
Kawasaki Z250,2012,manual,250,50000,Fair,1448
Yamaha Mio,2025,Automatic,115,12038,Excellent,3590
Kawasaki Z250,2017,manual,250,43085,Fair,2138
Kawasaki Z250,2014,manual,250,50000,Fair,1688
Suzuki Smash,2013,semi-automatic,110,50000,Old,1552
Suzuki Smash,2020,semi-automatic,110,40908,Good,2510
Yamaha NMAX,2019,Automatic,155,34318,Good,2513
Honda Wave100,2023,semi-automatic,100,29200,Excellent,3114
Kawasaki Ninja250,2022,manual,250,23091,Good,3098
Yamaha R15,2011,manual,155,50000,Old,1349
Honda Wave125,2017,semi-automatic,125,49647,Fair,1949
Suzuki Smash,2010,semi-automatic,110,50000,Old,1192
Honda Scoopy,2018,Automatic,110,38681,Good,2299
Kawasaki Z300,2010,manual,300,50000,Fair,1250
Honda Click,2013,Automatic,125,50000,Fair,1464
Yamaha Fino,2011,Automatic,125,50000,Fair,1224
Honda Click,2014,Automatic,125,50000,Old,1684
Honda Wave110i,2021,semi-automatic,110,29291,Excellent,2881
Honda PCX,2014,Automatic,160,50000,Old,1713
Kawasaki Z300,2017,manual,300,48764,Fair,2106
Yamaha Fino,2018,Automatic,125,40027,Good,2294
Yamaha Mio,2016,Automatic,115,50000,Good,1916
Honda Scoopy,2022,Automatic,110,26922,Good,2932
Honda Wave125,2017,semi-automatic,125,43983,Good,2122
Honda Click,2010,Automatic,125,50000,Fair,1104
Yamaha R15,2014,manual,155,50000,Fair,1609
Yamaha Mio,2025,Automatic,115,20339,Excellent,3482
Yamaha R15,2015,manual,155,50000,Good,1829
Yamaha NMAX,2023,Automatic,155,23059,Excellent,3240
Yamaha R15,2021,manual,155,28649,Good,2827
Honda Scoopy,2024,Automatic,110,15063,Excellent,3426
Yamaha Mio,2010,Automatic,115,50000,Old,1196
Kawasaki Ninja250,2024,manual,250,26372,Good,3296
Honda Wave110i,2017,semi-automatic,110,42391,Good,2131
Honda Click,2010,Automatic,125,50000,Old,1204
Honda Wave125,2018,semi-automatic,125,37473,Good,2327
Yamaha Fino,2016,Automatic,125,43811,Good,2005
Kawasaki Z250,2023,manual,250,28473,Good,3148
Suzuki Raider,2019,manual,150,43202,Excellent,2493
Honda Scoopy,2015,Automatic,110,48339,Fair,1713
Kawasaki Z250,2016,manual,250,50000,Good,2028
Kawasaki Z300,2020,manual,300,31151,Excellent,2895
Kawasaki Z250,2020,manual,250,33406,Excellent,2824
Suzuki Raider,2021,manual,150,32692,Good,2770
Yamaha R15,2025,manual,155,20139,Excellent,3518
Yamaha NMAX,2013,Automatic,155,50000,Fair,1489
Honda Wave100,2023,semi-automatic,100,19037,Excellent,3246
Honda Click,2018,Automatic,125,38357,Good,2316
Yamaha R15,2015,manual,155,49866,Fair,1731
Yamaha Fino,2020,Automatic,125,32723,Excellent,2729
Honda Wave100,2010,semi-automatic,100,50000,Old,1183
Honda Wave125,2020,semi-automatic,125,38328,Good,2556
Yamaha NMAX,2023,Automatic,155,22345,Excellent,3249
Honda Wave125,2011,semi-automatic,125,50000,Fair,1224
Suzuki Bergman,2010,Automatic,125,50000,Old,1204
Suzuki Smash,2025,semi-automatic,110,17508,Excellent,3514
Suzuki Bergman,2012,Automatic,125,50000,Fair,1344
Suzuki Bergman,2020,Automatic,125,30726,Good,2655
Kawasaki Z300,2025,manual,300,22712,Excellent,3605
Kawasaki Z300,2015,manual,300,46667,Good,1993
Honda Click,2023,Automatic,125,20591,Excellent,3247
Kawasaki Z300,2021,manual,300,28255,Good,2953
Yamaha Fino,2023,Automatic,125,21851,Good,3130
Honda Wave125,2021,semi-automatic,125,27081,Excellent,2922
Kawasaki Z300,2011,manual,300,50000,Old,1470
Yamaha Mio,2014,Automatic,115,50000,Fair,1576
Suzuki Smash,2023,semi-automatic,110,30131,Excellent,3110
Yamaha NMAX,2020,Automatic,155,30461,Excellent,2783
Yamaha Mio,2019,Automatic,115,36058,Excellent,2557
Honda Wave100,2015,semi-automatic,100,50000,Fair,1683
Suzuki Smash,2013,semi-automatic,110,50000,Old,1552
Honda PCX,2024,Automatic,160,23331,Good,3260
Honda Click,2024,Automatic,125,24194,Good,3220
Honda Wave125,2021,semi-automatic,125,32473,Good,2752
Kawasaki Z250,2015,manual,250,50000,Fair,1808
Yamaha Mio,2024,Automatic,115,17397,Good,3300
Suzuki Bergman,2016,Automatic,125,50000,Fair,1824
Yamaha Fino,2010,Automatic,125,50000,Old,1204
Suzuki Smash,2016,semi-automatic,110,43301,Fair,1899
Honda Wave110i,2023,semi-automatic,110,27084,Excellent,3150
Yamaha NMAX,2011,Automatic,155,50000,Fair,1249
Honda PCX,2025,Automatic,160,20367,Excellent,3519
Kawasaki Z250,2018,manual,250,45911,Fair,2222
Suzuki Smash,2016,semi-automatic,110,44572,Fair,1882
Suzuki Bergman,2013,Automatic,125,50000,Fair,1464
Yamaha NMAX,2025,Automatic,155,12985,Excellent,3611
Kawasaki Ninja250,2014,manual,250,50000,Old,1788
Honda PCX,2011,Automatic,160,50000,Fair,1253
Kawasaki Ninja250,2010,manual,250,50000,Fair,1208
Honda Wave125,2011,semi-automatic,125,50000,Fair,1224
Honda Click,2017,Automatic,125,50000,Good,2044
Suzuki Raider,2021,manual,150,29111,Good,2817
Yamaha Fino,2024,Automatic,125,16586,Excellent,3419
Yamaha Mio,2011,Automatic,115,50000,Fair,1216
Suzuki Raider,2023,manual,150,24600,Excellent,3215
Yamaha NMAX,2021,Automatic,155,33454,Excellent,2864
Suzuki Bergman,2014,Automatic,125,50000,Old,1684
Honda Wave100,2014,semi-automatic,100,50000,Old,1663
Suzuki Smash,2016,semi-automatic,110,49252,Fair,1821
Honda Wave100,2014,semi-automatic,100,50000,Fair,1563
Yamaha Fino,2019,Automatic,125,44023,Excellent,2462
Honda Wave110i,2014,semi-automatic,110,50000,Old,1672
Yamaha R15,2010,manual,155,50000,Fair,1129
Honda Wave100,2016,semi-automatic,100,43298,Good,1991
Suzuki Bergman,2023,Automatic,125,25663,Good,3081
Yamaha Fino,2023,Automatic,125,25162,Excellent,3187
Suzuki Raider,2017,manual,150,41278,Good,2178
Honda Wave110i,2023,semi-automatic,110,26107,Good,3062
Honda PCX,2024,Automatic,160,25089,Excellent,3337
Yamaha NMAX,2010,Automatic,155,50000,Old,1229
Kawasaki Z250,2014,manual,250,50000,Old,1788
Honda Click,2011,Automatic,125,50000,Old,1324
Yamaha NMAX,2014,Automatic,155,50000,Fair,1609
Yamaha Mio,2016,Automatic,115,48029,Fair,1841
Honda Wave125,2015,semi-automatic,125,46578,Good,1849
Honda Wave100,2021,semi-automatic,100,37094,Good,2671
Suzuki Bergman,2018,Automatic,125,37991,Good,2320
Yamaha Fino,2010,Automatic,125,50000,Fair,1104
Honda Click,2021,Automatic,125,27677,Excellent,2915
Honda Wave110i,2020,semi-automatic,110,40196,Good,2519
Kawasaki Z250,2025,manual,250,20359,Excellent,3594
Yamaha NMAX,2014,Automatic,155,50000,Fair,1609
Honda Click,2024,Automatic,125,20184,Excellent,3372
Suzuki Raider,2025,manual,150,17108,Excellent,3553
Honda Click,2010,Automatic,125,50000,Old,1204
Suzuki Smash,2019,semi-automatic,110,41917,Good,2377
Kawasaki Z300,2011,manual,300,50000,Old,1470
Yamaha NMAX,2023,Automatic,155,18714,Excellent,3296
Honda PCX,2015,Automatic,160,50000,Fair,1733
Honda PCX,2024,Automatic,160,16309,Excellent,3452
Honda PCX,2025,Automatic,160,14955,Excellent,3589
Honda Scoopy,2016,Automatic,110,50000,Fair,1812
Honda Wave110i,2011,semi-automatic,110,50000,Old,1312
Yamaha Mio,2018,Automatic,115,45561,Fair,2114
Suzuki Raider,2017,manual,150,45056,Good,2129
Yamaha Fino,2022,Automatic,125,24791,Good,2972
Honda Wave110i,2015,semi-automatic,110,50000,Good,1792
Honda Wave125,2024,semi-automatic,125,21369,Excellent,3357
Suzuki Bergman,2011,Automatic,125,50000,Fair,1224
Kawasaki Z300,2015,manual,300,50000,Good,1950
Honda PCX,2017,Automatic,160,50000,Good,2073
Yamaha NMAX,2014,Automatic,155,50000,Fair,1609
Yamaha NMAX,2015,Automatic,155,50000,Good,1829
Honda Wave110i,2024,semi-automatic,110,22237,Excellent,3333
Suzuki Smash,2017,semi-automatic,110,42978,Fair,2023
Kawasaki Ninja250,2011,manual,250,50000,Old,1428
Kawasaki Z250,2022,manual,250,23426,Good,3094
Honda Click,2011,Automatic,125,50000,Fair,1224
Suzuki Bergman,2016,Automatic,125,50000,Good,1924
Suzuki Smash,2010,semi-automatic,110,50000,Fair,1092
Kawasaki Ninja250,2023,manual,250,19864,Excellent,3360
Honda PCX,2018,Automatic,160,43823,Fair,2174
Kawasaki Z250,2014,manual,250,50000,Old,1788
Kawasaki Z300,2011,manual,300,50000,Old,1470
Honda Scoopy,2020,Automatic,110,32288,Good,2622
Kawasaki Z300,2025,manual,300,16946,Excellent,3680
Kawasaki Z300,2017,manual,300,45872,Fair,2144
Kawasaki Ninja250,2017,manual,250,42474,Good,2246
Kawasaki Z300,2025,manual,300,14724,Excellent,3709
Honda PCX,2022,Automatic,160,24839,Excellent,3101
Suzuki Bergman,2015,Automatic,125,50000,Good,1804
Suzuki Raider,2020,manual,150,37952,Good,2582
Yamaha NMAX,2013,Automatic,155,50000,Fair,1489
Yamaha Fino,2024,Automatic,125,24798,Good,3212
Honda Wave110i,2014,semi-automatic,110,50000,Old,1672
Suzuki Raider,2018,manual,150,37263,Fair,2251
Honda Click,2022,Automatic,125,32579,Good,2871
Honda Click,2011,Automatic,125,50000,Fair,1224
Honda Wave110i,2010,semi-automatic,110,50000,Fair,1092
Kawasaki Z250,2024,manual,250,22133,Good,3351
Honda Click,2010,Automatic,125,50000,Old,1204
Yamaha R15,2013,manual,155,50000,Old,1589
Yamaha NMAX,2011,Automatic,155,50000,Old,1349
Kawasaki Z250,2015,manual,250,50000,Fair,1808
Honda PCX,2013,Automatic,160,50000,Fair,1493
Honda Wave125,2010,semi-automatic,125,50000,Old,1204
Honda PCX,2020,Automatic,160,40080,Good,2562
Kawasaki Z300,2024,manual,300,16726,Excellent,3563
Suzuki Bergman,2023,Automatic,125,29483,Good,3031
Yamaha NMAX,2015,Automatic,155,50000,Fair,1729
Suzuki Bergman,2019,Automatic,125,39682,Good,2418
Kawasaki Z250,2015,manual,250,48486,Fair,1828
Yamaha Fino,2011,Automatic,125,50000,Fair,1224
Suzuki Raider,2015,manual,150,49916,Good,1826
Kawasaki Z300,2022,manual,300,28928,Good,3064
Yamaha R15,2020,manual,155,30843,Good,2678
Kawasaki Z300,2024,manual,300,20467,Excellent,3514
Suzuki Smash,2012,semi-automatic,110,50000,Fair,1332
Suzuki Raider,2012,manual,150,50000,Old,1465
Honda Wave110i,2013,semi-automatic,110,50000,Old,1552
Kawasaki Z300,2010,manual,300,50000,Old,1350
Kawasaki Z300,2010,manual,300,50000,Old,1350
Honda PCX,2013,Automatic,160,50000,Old,1593
Kawasaki Z300,2018,manual,300,38095,Good,2465
Kawasaki Ninja250,2013,manual,250,50000,Old,1668
Yamaha Mio,2023,Automatic,115,19140,Excellent,3257
Honda Wave110i,2023,semi-automatic,110,23651,Excellent,3194
Yamaha NMAX,2025,Automatic,155,18593,Excellent,3538
Honda Wave100,2025,semi-automatic,100,17691,Excellent,3504
Honda PCX,2018,Automatic,160,44168,Good,2269
Suzuki Smash,2022,semi-automatic,110,31637,Excellent,2971
Honda Click,2010,Automatic,125,50000,Old,1204
Honda Wave100,2018,semi-automatic,100,45938,Fair,2096
Yamaha Fino,2020,Automatic,125,32815,Good,2628
Suzuki Raider,2022,manual,150,33813,Good,2876
Kawasaki Ninja250,2019,manual,250,38554,Excellent,2637
Honda PCX,2025,Automatic,160,20332,Excellent,3519
Honda Wave110i,2022,semi-automatic,110,32500,Excellent,2959
Honda Scoopy,2021,Automatic,110,35011,Good,2707
Suzuki Raider,2016,manual,150,50000,Fair,1845
Kawasaki Z250,2015,manual,250,50000,Fair,1808
Honda Wave110i,2019,semi-automatic,110,33021,Good,2493
Suzuki Bergman,2011,Automatic,125,50000,Old,1324
Honda Wave100,2022,semi-automatic,100,24177,Excellent,3059
Honda Wave110i,2023,semi-automatic,110,29169,Good,3023
Kawasaki Ninja250,2019,manual,250,35340,Good,2579
Honda Wave110i,2017,semi-automatic,110,42236,Good,2133
Honda Scoopy,2015,Automatic,110,49492,Good,1798
Honda Wave110i,2023,semi-automatic,110,26210,Good,3061
Honda Click,2016,Automatic,125,49854,Fair,1826
Suzuki Smash,2023,semi-automatic,110,29886,Good,3013
Suzuki Smash,2016,semi-automatic,110,47995,Fair,1838
Suzuki Bergman,2011,Automatic,125,50000,Fair,1224
Suzuki Smash,2021,semi-automatic,110,26091,Good,2823
Kawasaki Z300,2012,manual,300,50000,Fair,1490
Suzuki Bergman,2012,Automatic,125,50000,Old,1444
Kawasaki Z300,2024,manual,300,26109,Excellent,3441
Suzuki Bergman,2015,Automatic,125,50000,Good,1804
Honda Click,2012,Automatic,125,50000,Fair,1344
Kawasaki Z300,2012,manual,300,50000,Old,1590
Yamaha Mio,2018,Automatic,115,37119,Good,2323
Honda Click,2023,Automatic,125,28501,Excellent,3144
Honda Scoopy,2022,Automatic,110,23280,Excellent,3079
Suzuki Bergman,2020,Automatic,125,29623,Good,2669
Honda Click,2018,Automatic,125,40849,Fair,2183
Kawasaki Z300,2021,manual,300,36598,Good,2844
Honda Wave110i,2025,semi-automatic,110,19772,Excellent,3485
Honda Click,2016,Automatic,125,44189,Good,2000
Honda Click,2021,Automatic,125,35545,Good,2712
Honda Wave110i,2021,semi-automatic,110,35622,Excellent,2799
Suzuki Smash,2017,semi-automatic,110,49108,Fair,1943
Honda Wave125,2024,semi-automatic,125,25831,Good,3199
Honda PCX,2012,Automatic,160,50000,Fair,1373
Kawasaki Ninja250,2020,manual,250,40754,Excellent,2729
Honda Wave125,2018,semi-automatic,125,39848,Fair,2196
Honda Scoopy,2018,Automatic,110,45624,Fair,2109
Honda Wave100,2016,semi-automatic,100,49952,Good,1904
Yamaha R15,2010,manual,155,50000,Fair,1129
Honda Wave110i,2010,semi-automatic,110,50000,Fair,1092
Honda Wave100,2022,semi-automatic,100,29709,Excellent,2987
Yamaha Fino,2022,Automatic,125,29395,Excellent,3012
Honda Wave100,2015,semi-automatic,100,50000,Good,1783
Yamaha Mio,2025,Automatic,115,20368,Excellent,3481
Honda Wave110i,2011,semi-automatic,110,50000,Fair,1212
Kawasaki Z250,2011,manual,250,50000,Old,1428
Honda Click,2011,Automatic,125,50000,Old,1324
Yamaha Mio,2012,Automatic,115,50000,Old,1436
Honda Scoopy,2017,Automatic,110,45670,Fair,1988
Yamaha R15,2019,manual,155,44103,Excellent,2486
Suzuki Bergman,2019,Automatic,125,42790,Excellent,2478
Honda Click,2018,Automatic,125,46004,Good,2216
Kawasaki Ninja250,2015,manual,250,50000,Good,1908
Honda Wave110i,2015,semi-automatic,110,50000,Fair,1692
Honda Scoopy,2012,Automatic,110,50000,Old,1432
Kawasaki Z250,2022,manual,250,30233,Good,3005
Honda Scoopy,2010,Automatic,110,50000,Old,1192
Suzuki Raider,2023,manual,150,21497,Good,3156
Honda Wave100,2024,semi-automatic,100,18197,Excellent,3377
Yamaha Fino,2023,Automatic,125,19233,Good,3164
Yamaha NMAX,2018,Automatic,155,37677,Fair,2249
Honda Scoopy,2011,Automatic,110,50000,Fair,1212
Honda Wave100,2022,semi-automatic,100,27734,Good,2913
Yamaha Mio,2011,Automatic,115,50000,Old,1316
Honda Wave125,2012,semi-automatic,125,50000,Fair,1344
Kawasaki Z250,2011,manual,250,50000,Fair,1328
Kawasaki Ninja250,2025,manual,250,14290,Excellent,3673
Kawasaki Z250,2016,manual,250,47058,Fair,1967
Yamaha Mio,2014,Automatic,115,50000,Old,1676
Honda Scoopy,2010,Automatic,110,50000,Old,1192
Honda Wave110i,2011,semi-automatic,110,50000,Fair,1212
Yamaha Mio,2015,Automatic,115,50000,Fair,1696
Honda PCX,2014,Automatic,160,50000,Fair,1613
Yamaha Mio,2019,Automatic,115,37706,Good,2436
Honda Wave100,2014,semi-automatic,100,50000,Old,1663
Honda Click,2020,Automatic,125,31194,Excellent,2749
Yamaha Mio,2010,Automatic,115,50000,Fair,1096
Kawasaki Z300,2024,manual,300,17825,Excellent,3549
Honda Scoopy,2015,Automatic,110,50000,Good,1792
Kawasaki Z250,2018,manual,250,45513,Fair,2227
Yamaha NMAX,2025,Automatic,155,22886,Excellent,3482
Suzuki Raider,2015,manual,150,50000,Good,1825
Honda PCX,2019,Automatic,160,43496,Excellent,2498
Suzuki Smash,2020,semi-automatic,110,39250,Excellent,2632
Yamaha Fino,2018,Automatic,125,41770,Good,2271
Suzuki Bergman,2015,Automatic,125,50000,Good,1804
Honda Wave110i,2022,semi-automatic,110,25940,Excellent,3045
Yamaha R15,2010,manual,155,50000,Fair,1129
Suzuki Bergman,2016,Automatic,125,49425,Fair,1832
Suzuki Raider,2014,manual,150,50000,Fair,1605
Honda Wave110i,2023,semi-automatic,110,28682,Good,3029
Yamaha NMAX,2014,Automatic,155,50000,Fair,1609
Yamaha R15,2010,manual,155,50000,Fair,1129
Kawasaki Ninja250,2020,manual,250,31428,Good,2750
Honda Click,2019,Automatic,125,42152,Excellent,2486
Kawasaki Z300,2011,manual,300,50000,Fair,1370
Honda Wave100,2022,semi-automatic,100,28392,Good,2904
Yamaha Fino,2019,Automatic,125,41695,Excellent,2492
Yamaha NMAX,2015,Automatic,155,50000,Good,1829
Kawasaki Ninja250,2018,manual,250,36869,Good,2439
Yamaha R15,2020,manual,155,32457,Good,2657
Suzuki Bergman,2017,Automatic,125,41620,Fair,2053
Honda PCX,2011,Automatic,160,50000,Old,1353
Honda Wave100,2019,semi-automatic,100,32921,Good,2486
Suzuki Bergman,2016,Automatic,125,45428,Good,1984
Honda Click,2025,Automatic,125,18669,Excellent,3512
Yamaha R15,2020,manual,155,37337,Good,2594
Honda Wave100,2010,semi-automatic,100,50000,Fair,1083
Kawasaki Z300,2023,manual,300,28828,Excellent,3285
Honda Wave110i,2010,semi-automatic,110,50000,Old,1192
Yamaha R15,2018,manual,155,37585,Fair,2251
Honda Scoopy,2016,Automatic,110,50000,Fair,1812
Honda Wave125,2013,semi-automatic,125,50000,Old,1564
Kawasaki Ninja250,2010,manual,250,50000,Old,1308
Honda Scoopy,2023,Automatic,110,19641,Good,3147
Yamaha NMAX,2012,Automatic,155,50000,Old,1469
Yamaha Fino,2024,Automatic,125,23708,Good,3226
Kawasaki Z250,2014,manual,250,50000,Fair,1688
Yamaha NMAX,2015,Automatic,155,47513,Fair,1762
Yamaha Mio,2011,Automatic,115,50000,Old,1316
Yamaha Fino,2019,Automatic,125,43731,Good,2366
Yamaha NMAX,2022,Automatic,155,30680,Good,2921
Honda Wave125,2011,semi-automatic,125,50000,Fair,1224
Honda Wave110i,2012,semi-automatic,110,50000,Old,1432
Honda PCX,2017,Automatic,160,50000,Fair,1973
Honda Wave110i,2019,semi-automatic,110,34532,Good,2473
Kawasaki Z250,2023,manual,250,28110,Excellent,3253
Honda Wave100,2024,semi-automatic,100,19880,Good,3255
Honda Wave125,2025,semi-automatic,125,18624,Excellent,3512
Suzuki Smash,2015,semi-automatic,110,50000,Good,1792
Honda Wave100,2010,semi-automatic,100,50000,Fair,1083
Kawasaki Z250,2017,manual,250,50000,Good,2148
Kawasaki Ninja250,2016,manual,250,50000,Fair,1928
Suzuki Bergman,2023,Automatic,125,29676,Good,3029
Honda Click,2014,Automatic,125,50000,Fair,1584
Yamaha Fino,2021,Automatic,125,26581,Good,2829
Honda Wave110i,2012,semi-automatic,110,50000,Fair,1332
Kawasaki Z250,2017,manual,250,48162,Good,2172
Honda Wave100,2012,semi-automatic,100,50000,Fair,1323
Kawasaki Z250,2021,manual,250,26101,Excellent,3039
Kawasaki Ninja250,2017,manual,250,40640,Fair,2170
Kawasaki Ninja250,2022,manual,250,28246,Good,3031
Kawasaki Z250,2011,manual,250,50000,Old,1428
Kawasaki Ninja250,2015,manual,250,48512,Good,1928
Honda Wave100,2021,semi-automatic,100,27555,Good,2795
Suzuki Bergman,2025,Automatic,125,13052,Excellent,3585
Suzuki Raider,2010,manual,150,50000,Fair,1125
Yamaha NMAX,2022,Automatic,155,22094,Good,3032
Yamaha Fino,2010,Automatic,125,50000,Fair,1104
Kawasaki Z250,2025,manual,250,17211,Excellent,3635
Yamaha Fino,2025,Automatic,125,17091,Excellent,3532
Honda Wave100,2020,semi-automatic,100,37151,Good,2550
Honda Scoopy,2016,Automatic,110,49271,Good,1921
Yamaha Fino,2010,Automatic,125,50000,Old,1204
Honda Wave100,2017,semi-automatic,100,48667,Fair,1941
Honda PCX,2022,Automatic,160,33041,Excellent,2994
Honda Wave125,2021,semi-automatic,125,35090,Good,2718
Honda Wave100,2016,semi-automatic,100,49212,Good,1914
Yamaha Fino,2018,Automatic,125,41905,Fair,2169
Honda Scoopy,2017,Automatic,110,42328,Fair,2031
Suzuki Bergman,2017,Automatic,125,46695,Good,2087
Honda Wave100,2023,semi-automatic,100,20169,Good,3131
Kawasaki Ninja250,2012,manual,250,50000,Old,1548
Yamaha R15,2025,manual,155,21640,Excellent,3498
Honda Wave100,2021,semi-automatic,100,26936,Excellent,2903
Honda Wave125,2019,semi-automatic,125,41931,Good,2389
Kawasaki Z250,2011,manual,250,50000,Old,1428
Honda Click,2023,Automatic,125,27154,Excellent,3161
Yamaha NMAX,2024,Automatic,155,16052,Good,3351
Kawasaki Z250,2014,manual,250,50000,Fair,1688
Honda Wave100,2020,semi-automatic,100,36894,Excellent,2654
Kawasaki Z300,2023,manual,300,27245,Good,3206
Yamaha R15,2019,manual,155,37523,Good,2471
Honda PCX,2017,Automatic,160,50000,Fair,1973
Yamaha NMAX,2016,Automatic,155,50000,Good,1949
Kawasaki Ninja250,2023,manual,250,20999,Good,3246
Yamaha NMAX,2018,Automatic,155,44054,Good,2267
Suzuki Bergman,2017,Automatic,125,48266,Fair,1967
Yamaha Mio,2017,Automatic,115,43503,Fair,2020
Honda Wave125,2021,semi-automatic,125,34358,Excellent,2828
Yamaha R15,2010,manual,155,50000,Old,1229
Kawasaki Z250,2020,manual,250,38805,Good,2654
Honda Scoopy,2018,Automatic,110,45150,Good,2215
Honda Click,2014,Automatic,125,50000,Fair,1584
Honda Scoopy,2018,Automatic,110,39246,Fair,2192
Honda PCX,2018,Automatic,160,45542,Fair,2151
Honda Scoopy,2013,Automatic,110,50000,Fair,1452
Honda Wave125,2014,semi-automatic,125,50000,Old,1684
Yamaha Mio,2019,Automatic,115,36273,Good,2454
Yamaha NMAX,2018,Automatic,155,39756,Fair,2222
Yamaha Mio,2014,Automatic,115,50000,Fair,1576
Yamaha Fino,2010,Automatic,125,50000,Old,1204
Yamaha Fino,2013,Automatic,125,50000,Old,1564
Yamaha NMAX,2025,Automatic,155,12535,Excellent,3617
Honda Scoopy,2020,Automatic,110,40233,Excellent,2619
Yamaha NMAX,2019,Automatic,155,39160,Good,2450
Yamaha R15,2015,manual,155,50000,Good,1829
Yamaha NMAX,2019,Automatic,155,41349,Good,2422
Yamaha NMAX,2010,Automatic,155,50000,Fair,1129
Suzuki Smash,2014,semi-automatic,110,50000,Old,1672
Suzuki Smash,2012,semi-automatic,110,50000,Fair,1332
Honda Scoopy,2014,Automatic,110,50000,Old,1672
Yamaha Fino,2015,Automatic,125,50000,Fair,1704
Kawasaki Ninja250,2022,manual,250,33388,Excellent,3064
Yamaha NMAX,2015,Automatic,155,50000,Fair,1729
Yamaha R15,2014,manual,155,50000,Old,1709
Yamaha R15,2025,manual,155,20863,Excellent,3508
Honda PCX,2023,Automatic,160,25852,Good,3107
Suzuki Smash,2011,semi-automatic,110,50000,Fair,1212
Suzuki Raider,2023,manual,150,20179,Excellent,3273
Honda Click,2013,Automatic,125,50000,Fair,1464
Honda Click,2023,Automatic,125,26323,Good,3072
Honda Click,2024,Automatic,125,26839,Excellent,3285
Yamaha Mio,2017,Automatic,115,39558,Fair,2072
Kawasaki Z300,2012,manual,300,50000,Fair,1490
Suzuki Raider,2020,manual,150,39156,Good,2566
Suzuki Smash,2010,semi-automatic,110,50000,Old,1192
Yamaha R15,2015,manual,155,50000,Fair,1729
Kawasaki Z250,2017,manual,250,40921,Fair,2166
Kawasaki Z300,2013,manual,300,50000,Fair,1610
Yamaha Mio,2015,Automatic,115,50000,Good,1796
Honda Wave100,2019,semi-automatic,100,43035,Good,2354
Honda PCX,2023,Automatic,160,26144,Excellent,3204
Suzuki Smash,2015,semi-automatic,110,47972,Good,1818
Honda Scoopy,2012,Automatic,110,50000,Old,1432
Honda Wave110i,2022,semi-automatic,110,27738,Excellent,3021
Yamaha R15,2025,manual,155,18559,Excellent,3538
Yamaha NMAX,2025,Automatic,155,11888,Excellent,3625
Kawasaki Ninja250,2012,manual,250,50000,Fair,1448
Honda Wave100,2023,semi-automatic,100,25034,Excellent,3168
Yamaha NMAX,2015,Automatic,155,46647,Good,1873
Suzuki Smash,2015,semi-automatic,110,47648,Fair,1722
Honda Click,2024,Automatic,125,20451,Excellent,3369
Kawasaki Z300,2022,manual,300,30671,Good,3041
Honda Wave100,2021,semi-automatic,100,35404,Excellent,2793
Honda Wave110i,2022,semi-automatic,110,27175,Excellent,3029
Kawasaki Z250,2011,manual,250,50000,Old,1428
Honda Click,2012,Automatic,125,50000,Old,1444
Yamaha Fino,2023,Automatic,125,24002,Excellent,3202
Honda Click,2010,Automatic,125,50000,Old,1204
Honda Scoopy,2012,Automatic,110,50000,Old,1432
Honda Click,2017,Automatic,125,39645,Good,2179
Suzuki Smash,2022,semi-automatic,110,25623,Excellent,3049
Suzuki Smash,2015,semi-automatic,110,50000,Fair,1692
Honda Wave110i,2020,semi-automatic,110,40021,Excellent,2621
Yamaha Fino,2023,Automatic,125,27358,Excellent,3159
Honda Wave100,2011,semi-automatic,100,50000,Old,1303
Yamaha NMAX,2015,Automatic,155,50000,Fair,1729
Kawasaki Z250,2021,manual,250,26827,Good,2930
Yamaha Fino,2023,Automatic,125,23191,Excellent,3213
Suzuki Bergman,2017,Automatic,125,50000,Good,2044
Honda Scoopy,2024,Automatic,110,15530,Good,3320
Yamaha Fino,2017,Automatic,125,50000,Fair,1944
Honda Scoopy,2024,Automatic,110,23213,Excellent,3320
Yamaha NMAX,2020,Automatic,155,32406,Excellent,2758
Yamaha R15,2013,manual,155,50000,Fair,1489
Suzuki Bergman,2018,Automatic,125,46042,Fair,2116
Yamaha Fino,2021,Automatic,125,26018,Good,2836
Yamaha R15,2012,manual,155,50000,Old,1469
Suzuki Raider,2015,manual,150,50000,Good,1825
Yamaha Fino,2016,Automatic,125,50000,Fair,1824
Kawasaki Z300,2013,manual,300,50000,Old,1710
Kawasaki Z300,2021,manual,300,33488,Excellent,2985
Kawasaki Z300,2010,manual,300,50000,Fair,1250
Honda Wave100,2023,semi-automatic,100,26301,Excellent,3152
Honda Wave110i,2015,semi-automatic,110,50000,Fair,1692
Yamaha NMAX,2023,Automatic,155,19585,Good,3185
Suzuki Bergman,2017,Automatic,125,47668,Good,2075
Honda Wave100,2011,semi-automatic,100,50000,Fair,1203
Honda Wave125,2023,semi-automatic,125,28861,Good,3039
Yamaha NMAX,2018,Automatic,155,36347,Fair,2267
Yamaha Mio,2025,Automatic,115,14450,Excellent,3558
Yamaha Fino,2014,Automatic,125,50000,Old,1684
Honda Wave100,2020,semi-automatic,100,34439,Excellent,2686
Kawasaki Z300,2021,manual,300,27216,Good,2966
Kawasaki Ninja250,2019,manual,250,42752,Good,2483
Suzuki Raider,2024,manual,150,24321,Excellent,3339
Honda PCX,2021,Automatic,160,35200,Excellent,2846
Suzuki Raider,2023,manual,150,20878,Excellent,3264
Yamaha NMAX,2013,Automatic,155,50000,Old,1589
Suzuki Smash,2011,semi-automatic,110,50000,Fair,1212
Kawasaki Ninja250,2020,manual,250,32466,Good,2736
Yamaha Mio,2022,Automatic,115,29875,Good,2898
Yamaha R15,2022,manual,155,32913,Excellent,2991
Honda Wave125,2010,semi-automatic,125,50000,Old,1204
Honda PCX,2025,Automatic,160,11565,Excellent,3633
Yamaha NMAX,2013,Automatic,155,50000,Old,1589
Suzuki Raider,2017,manual,150,41375,Good,2177
Yamaha NMAX,2025,Automatic,155,12119,Excellent,3622
Suzuki Raider,2012,manual,150,50000,Old,1465
Suzuki Smash,2017,semi-automatic,110,46771,Fair,1974
Suzuki Raider,2011,manual,150,50000,Fair,1245
Yamaha Fino,2018,Automatic,125,45617,Good,2221
Honda Wave110i,2024,semi-automatic,110,26558,Excellent,3277
Honda Wave100,2017,semi-automatic,100,42362,Fair,2023
Yamaha R15,2011,manual,155,50000,Old,1349
Kawasaki Z300,2022,manual,300,32192,Excellent,3122
Honda PCX,2013,Automatic,160,50000,Old,1593
Kawasaki Ninja250,2021,manual,250,26186,Good,2938
Honda Click,2022,Automatic,125,30029,Excellent,3004
Honda Wave110i,2020,semi-automatic,110,38611,Good,2540
Suzuki Raider,2013,manual,150,50000,Fair,1485
Honda Click,2025,Automatic,125,22633,Excellent,3460
Honda PCX,2010,Automatic,160,50000,Old,1233
Honda Wave100,2023,semi-automatic,100,27765,Good,3033
Honda Scoopy,2011,Automatic,110,50000,Old,1312
Yamaha Fino,2016,Automatic,125,50000,Good,1924
Honda Click,2015,Automatic,125,50000,Fair,1704
Kawasaki Z250,2016,manual,250,50000,Good,2028
Honda Scoopy,2012,Automatic,110,50000,Old,1432
Kawasaki Ninja250,2012,manual,250,50000,Fair,1448
Yamaha R15,2019,manual,155,37974,Good,2466
Suzuki Smash,2014,semi-automatic,110,50000,Fair,1572
Kawasaki Ninja250,2023,manual,250,19864,Good,3260
Kawasaki Z300,2015,manual,300,47999,Fair,1876
Honda PCX,2017,Automatic,160,47868,Fair,2001
Honda Wave100,2012,semi-automatic,100,50000,Fair,1323
Honda Wave125,2022,semi-automatic,125,28478,Good,2924
Suzuki Bergman,2010,Automatic,125,50000,Fair,1104
Honda Scoopy,2013,Automatic,110,50000,Fair,1452
Kawasaki Z300,2012,manual,300,50000,Old,1590
Yamaha Fino,2022,Automatic,125,23032,Excellent,3095
Honda PCX,2013,Automatic,160,50000,Old,1593
Honda Wave110i,2021,semi-automatic,110,30885,Good,2760
Kawasaki Ninja250,2020,manual,250,30862,Excellent,2857
Kawasaki Ninja250,2013,manual,250,50000,Old,1668
Honda Wave125,2017,semi-automatic,125,48315,Good,2066
Honda Wave100,2025,semi-automatic,100,12136,Excellent,3576
Honda Wave110i,2019,semi-automatic,110,34816,Good,2469
Suzuki Raider,2024,manual,150,15188,Excellent,3458
Suzuki Smash,2015,semi-automatic,110,49749,Fair,1695
Honda Scoopy,2017,Automatic,110,40699,Fair,2053
Kawasaki Ninja250,2013,manual,250,50000,Old,1668
Yamaha Mio,2010,Automatic,115,50000,Old,1196
Yamaha Fino,2013,Automatic,125,50000,Old,1564
Honda Wave110i,2013,semi-automatic,110,50000,Fair,1452
Honda Wave110i,2015,semi-automatic,110,50000,Fair,1692
Suzuki Smash,2014,semi-automatic,110,50000,Old,1672
Yamaha R15,2011,manual,155,50000,Fair,1249
Suzuki Raider,2023,manual,150,19342,Good,3184
Honda Wave100,2017,semi-automatic,100,46895,Fair,1964
Yamaha Fino,2017,Automatic,125,39552,Good,2180
Honda Wave100,2022,semi-automatic,100,22508,Excellent,3081
Suzuki Smash,2025,semi-automatic,110,14129,Excellent,3558
Honda Scoopy,2013,Automatic,110,50000,Fair,1452
Honda Wave100,2011,semi-automatic,100,50000,Old,1303
Yamaha R15,2011,manual,155,50000,Fair,1249
Suzuki Smash,2012,semi-automatic,110,50000,Fair,1332
Honda Scoopy,2017,Automatic,110,41577,Fair,2041
Honda Wave110i,2013,semi-automatic,110,50000,Fair,1452
Honda Wave100,2023,semi-automatic,100,19600,Excellent,3239
Suzuki Bergman,2014,Automatic,125,50000,Fair,1584
Honda Wave100,2024,semi-automatic,100,17202,Good,3290
Yamaha Mio,2025,Automatic,115,16016,Excellent,3538
Suzuki Smash,2011,semi-automatic,110,50000,Fair,1212
Honda Click,2016,Automatic,125,50000,Fair,1824
Yamaha Fino,2021,Automatic,125,31002,Good,2771
Yamaha Fino,2014,Automatic,125,50000,Old,1684
Honda PCX,2021,Automatic,160,34908,Good,2750
Yamaha Fino,2014,Automatic,125,50000,Fair,1584
Honda Click,2016,Automatic,125,50000,Fair,1824
Honda PCX,2012,Automatic,160,50000,Old,1473
Honda Wave110i,2015,semi-automatic,110,50000,Good,1792
Suzuki Smash,2023,semi-automatic,110,23858,Excellent,3192
Honda PCX,2019,Automatic,160,34241,Excellent,2618
Kawasaki Z300,2010,manual,300,50000,Fair,1250
Suzuki Bergman,2015,Automatic,125,50000,Fair,1704
Yamaha Fino,2013,Automatic,125,50000,Fair,1464
Suzuki Smash,2012,semi-automatic,110,50000,Fair,1332
Honda Scoopy,2024,Automatic,110,20020,Good,3262
Yamaha Fino,2016,Automatic,125,49936,Fair,1825
Yamaha NMAX,2010,Automatic,155,50000,Fair,1129
Honda Wave100,2016,semi-automatic,100,50000,Fair,1803
Suzuki Smash,2023,semi-automatic,110,21589,Excellent,3221
Honda Wave110i,2021,semi-automatic,110,33290,Good,2729
Kawasaki Z250,2019,manual,250,37812,Excellent,2647
Honda Wave125,2016,semi-automatic,125,50000,Good,1924
Kawasaki Z250,2010,manual,250,50000,Old,1308
Honda Wave100,2024,semi-automatic,100,16781,Excellent,3395
Suzuki Raider,2024,manual,150,20539,Excellent,3388
Honda Wave100,2018,semi-automatic,100,42100,Good,2246
Honda Wave125,2011,semi-automatic,125,50000,Fair,1224
Kawasaki Z250,2021,manual,250,30348,Excellent,2984
Kawasaki Z300,2021,manual,300,36464,Good,2846
Suzuki Smash,2020,semi-automatic,110,34690,Good,2591
Kawasaki Ninja250,2022,manual,250,23552,Good,3092
Honda Wave125,2017,semi-automatic,125,40930,Good,2162
Honda Wave110i,2010,semi-automatic,110,50000,Fair,1092
Honda Wave100,2023,semi-automatic,100,20109,Good,3132
Honda Wave125,2023,semi-automatic,125,29874,Good,3026
Honda Wave125,2023,semi-automatic,125,21836,Excellent,3231
Yamaha NMAX,2016,Automatic,155,44120,Good,2026
Honda Wave110i,2012,semi-automatic,110,50000,Fair,1332
Honda Wave100,2021,semi-automatic,100,32876,Excellent,2826
Kawasaki Z250,2011,manual,250,50000,Fair,1328
Honda Wave110i,2011,semi-automatic,110,50000,Fair,1212
Suzuki Smash,2021,semi-automatic,110,32831,Good,2735
Yamaha Fino,2016,Automatic,125,47809,Good,1953
Honda PCX,2023,Automatic,160,26115,Excellent,3204
Yamaha Fino,2015,Automatic,125,50000,Good,1804
Suzuki Bergman,2010,Automatic,125,50000,Old,1204
Suzuki Bergman,2024,Automatic,125,16841,Good,3316
Yamaha Mio,2012,Automatic,115,50000,Fair,1336
Kawasaki Z250,2010,manual,250,50000,Fair,1208
Honda PCX,2017,Automatic,160,42111,Good,2176
Yamaha Mio,2016,Automatic,115,50000,Fair,1816
Kawasaki Ninja250,2012,manual,250,50000,Old,1548
Suzuki Smash,2023,semi-automatic,110,25718,Excellent,3168
Kawasaki Ninja250,2013,manual,250,50000,Old,1668
Yamaha R15,2014,manual,155,50000,Fair,1609
Kawasaki Z300,2011,manual,300,50000,Old,1470
Yamaha Mio,2023,Automatic,115,22084,Good,3119
Yamaha NMAX,2023,Automatic,155,23520,Excellent,3234
Suzuki Bergman,2013,Automatic,125,50000,Fair,1464
Honda Click,2013,Automatic,125,50000,Fair,1464
Yamaha Fino,2013,Automatic,125,50000,Fair,1464
Honda Scoopy,2012,Automatic,110,50000,Old,1432
Honda Scoopy,2019,Automatic,110,33642,Excellent,2584
Kawasaki Z250,2013,manual,250,50000,Old,1668
Suzuki Smash,2010,semi-automatic,110,50000,Old,1192
Suzuki Raider,2016,manual,150,49789,Fair,1848
Suzuki Raider,2016,manual,150,50000,Fair,1845
Kawasaki Ninja250,2018,manual,250,44424,Fair,2241
Suzuki Bergman,2022,Automatic,125,28564,Excellent,3023
Suzuki Smash,2018,semi-automatic,110,43775,Good,2233
Honda Click,2016,Automatic,125,50000,Fair,1824
Yamaha Fino,2018,Automatic,125,43829,Good,2244
Yamaha NMAX,2018,Automatic,155,43399,Good,2275
Kawasaki Z300,2014,manual,300,50000,Old,1830
Honda Click,2024,Automatic,125,17955,Excellent,3401
Honda Wave100,2013,semi-automatic,100,50000,Old,1543
Suzuki Smash,2010,semi-automatic,110,50000,Old,1192
Suzuki Raider,2025,manual,150,18089,Excellent,3540
Yamaha Mio,2013,Automatic,115,50000,Fair,1456
Honda Scoopy,2023,Automatic,110,23677,Good,3094
Kawasaki Ninja250,2016,manual,250,49355,Good,2037
Yamaha R15,2013,manual,155,50000,Fair,1489
Honda Scoopy,2015,Automatic,110,50000,Good,1792
Honda Wave110i,2022,semi-automatic,110,26327,Excellent,3040
Suzuki Bergman,2016,Automatic,125,50000,Fair,1824
Honda Wave100,2019,semi-automatic,100,38652,Excellent,2511
